[
    {
        "name": "Restaurante do João",
        "type": "Brasileiro",
        "address": "Rua Principal, 123",
        "tel": "(11) 4456-7890",
        "stars": 4
    },
    {
        "name": "Pizzaria Bella Napoli",
        "type": "Italiano",
        "address": "Avenida Secundária, 456",
        "tel": "(12) 5654-3210",
        "stars": 3
    },
    {
        "name": "Sushi Palace",
        "type": "Japonês",
        "address": "Praça Central, 789",
        "tel": "(19) 98123-4567",
        "stars": 5
    },
    {
        "name": "Cantina da Nonna",
        "type": "Chinesa",
        "address": "Rua da Amizade, 567",
        "tel": "(11) 4533-4444",
        "stars": 4
    },
    {
        "name": "BBQ Shack",
        "type": "Churrascaria",
        "address": "Avenida da Carne, 890",
        "tel": "(11) 2888-7777",
        "stars": 2
    }
]